200	0	http://sseguranca.blogspot.com/	http://sseguranca.blogspot.com/
403	0	http://opentranscripts.org/transcript/daniel-karrenberg-internet-hall-fame-2012-induction-speech/	http://opentranscripts.org/transcript/daniel-karrenberg-internet-hall-fame-2012-induction-speech/
200	0	http://www.catb.org/~esr/writings/taoup/	http://www.catb.org/~esr/writings/taoup/
200	0	http://www.catb.org/jargon/html/R/RTFM.html	http://www.catb.org/jargon/html/R/RTFM.html
200	0	http://www.catb.org/jargon/html/W/wetware.html	http://www.catb.org/jargon/html/W/wetware.html
502	0	http://cr.yp.to/qmail/venema.html	http://cr.yp.to/qmail/venema.html
200	0	http://www.efnet.org/	http://www.efnet.org/
200	0	http://www.catb.org/jargon/html/Z/Zero-One-Infinity-Rule.html	http://www.catb.org/jargon/html/Z/Zero-One-Infinity-Rule.html
403	0	http://opentranscripts.org/transcript/yvonne-marie-andres-ihof-2017-speech/	http://opentranscripts.org/transcript/yvonne-marie-andres-ihof-2017-speech/
200	0	http://info.cern.ch/hypertext/WWW/TheProject.html	http://info.cern.ch/hypertext/WWW/TheProject.html
200	1	http://joeduffyblog.com/2015/11/03/blogging-about-midori/	https://joeduffyblog.com/2015/11/03/blogging-about-midori/
403	0	https://amturing.acm.org/award_winners/lamport_1205376.cfm	https://amturing.acm.org/award_winners/lamport_1205376.cfm
403	0	https://amturing.acm.org/award_winners/cerf_1083211.cfm	https://amturing.acm.org/award_winners/cerf_1083211.cfm
200	0	https://1.ieee802.org	https://1.ieee802.org/
200	0	https://agilemanifesto.org	https://agilemanifesto.org/
200	0	http://domainincite.com/24830-top-icann-advisor-tarek-kamel-dies-at-57	http://domainincite.com/24830-top-icann-advisor-tarek-kamel-dies-at-57
403	0	https://amturing.acm.org/award_winners/metcalfe_3968158.cfm	https://amturing.acm.org/award_winners/metcalfe_3968158.cfm
403	0	https://amturing.acm.org/award_winners/rivest_1403005.cfm	https://amturing.acm.org/award_winners/rivest_1403005.cfm
200	0	https://arxiv.org/abs/1706.03762	https://arxiv.org/abs/1706.03762
200	0	https://arxiv.org/abs/2005.11401	https://arxiv.org/abs/2005.11401
200	0	https://anchisesbr.blogspot.com/	https://anchisesbr.blogspot.com/
200	0	https://arxiv.org/pdf/cs/0109056	https://arxiv.org/pdf/cs/0109056
200	0	https://arxiv.org/pdf/1801.08806	https://arxiv.org/pdf/1801.08806
200	0	https://attack.mitre.org	https://attack.mitre.org/
200	0	https://anchisesbr.blogspot.com/2025/12/seguranca-calendario-de-eventos-de.html	https://anchisesbr.blogspot.com/2025/12/seguranca-calendario-de-eventos-de.html
403	0	https://awards.acm.org/award-recipients/hellman_4055781	https://awards.acm.org/award-recipients/hellman_4055781
200	0	https://anchisesbr.blogspot.com/2010/01/seguranca-72-perfis-de-profissionais-de.html	https://anchisesbr.blogspot.com/2010/01/seguranca-72-perfis-de-profissionais-de.html
403	0	https://awards.acm.org/award-recipients/ritchie_1506389	https://awards.acm.org/award-recipients/ritchie_1506389
200	0	https://attack.mitre.org/	https://attack.mitre.org/
000	0	https://bsidessp.org	https://bsidessp.org/000 0 -
200	0	https://blog.cloudflare.com/	https://blog.cloudflare.com/
403	0	https://awards.acm.org/about/2015-turing	https://awards.acm.org/about/2015-turing
200	0	https://aws.amazon.com/	https://aws.amazon.com/
404	0	https://afrinic.net/2019-09-28-congratulatory-message-to-adiel	https://afrinic.net/2019-09-28-congratulatory-message-to-adiel
200	0	https://certificate.transparency.dev/	https://certificate.transparency.dev/
200	0	https://cabforum.org/baseline-requirements-documents/	https://cabforum.org/baseline-requirements-documents/
200	0	http://ftp.porcupine.org/pub/security/index.html	http://ftp.porcupine.org/pub/security/index.html
200	0	https://blog.codinghorror.com/the-principle-of-least-power/	https://blog.codinghorror.com/the-principle-of-least-power/
200	0	https://clouddocs.f5.com/products/extensions/f5-appsvcs-extension/latest/	https://clouddocs.f5.com/products/extensions/f5-appsvcs-extension/latest/
200	0	https://2026.cryptorave.org	https://2026.cryptorave.org/
200	0	https://canaltech.com.br/comportamento/qual-a-origem-da-palavra-gambiarra/	https://canaltech.com.br/comportamento/qual-a-origem-da-palavra-gambiarra/
200	0	https://certbot.eff.org	https://certbot.eff.org/
403	1	https://britannica.com/print/article/271591	https://www.britannica.com:443/print/article/271591
200	0	https://core.tcl-lang.org/expect/wiki?name=Expect	https://core.tcl-lang.org/expect/wiki?name=Expect
403	0	https://conservancy.umn.edu/signposting/describedby/53e369fc-240a-4341-8178-6677cf7bf265	https://conservancy.umn.edu/signposting/describedby/53e369fc-240a-4341-8178-6677cf7bf265
200	0	https://cryptocellar.org/cesg/notense.pdf	https://cryptocellar.org/cesg/notense.pdf
200	0	https://csrc.nist.gov	https://csrc.nist.gov/
200	0	https://cloudsecurityalliance.org/star	https://cloudsecurityalliance.org/star
200	0	https://csrc.nist.gov/pubs/fips/180-4/final	https://csrc.nist.gov/pubs/fips/180-4/final
200	0	https://cloudsecurityalliance.org	https://cloudsecurityalliance.org/
200	0	https://csrc.nist.gov/publications/fips	https://csrc.nist.gov/publications/fips
200	0	https://csrc.nist.gov/pubs/fips/186-5/final	https://csrc.nist.gov/pubs/fips/186-5/final
200	0	https://cryptocellar.org/cesg/possnse.pdf	https://cryptocellar.org/cesg/possnse.pdf
200	0	https://csrc.nist.gov/pubs/fips/197/final	https://csrc.nist.gov/pubs/fips/197/final
200	0	https://csrc.nist.gov/pubs/sp/800/34/r1/upd1/final	https://csrc.nist.gov/pubs/sp/800/34/r1/upd1/final
200	0	https://cs.purdue.edu/news/articles/2019/comer_ihof.html	https://cs.purdue.edu/news/articles/2019/comer_ihof.html
200	0	https://csrc.nist.gov/pubs/sp/800/38/a/final	https://csrc.nist.gov/pubs/sp/800/38/a/final
200	0	https://csrc.nist.gov/pubs/sp/800/38/c/final	https://csrc.nist.gov/pubs/sp/800/38/c/final
200	0	https://csrc.nist.gov/projects/post-quantum-cryptography	https://csrc.nist.gov/projects/post-quantum-cryptography
200	0	https://csrc.nist.gov/pubs/sp/800/90/a/r1/final	https://csrc.nist.gov/pubs/sp/800/90/a/r1/final
200	0	https://csrc.nist.gov/pubs/sp/800/38/d/final	https://csrc.nist.gov/pubs/sp/800/38/d/final
200	0	https://csrc.nist.gov/pubs/sp/800/108/r1/final	https://csrc.nist.gov/pubs/sp/800/108/r1/final
200	0	https://datatracker.ietf.org/doc/draft-iab-protocol-maintenance/00/	https://datatracker.ietf.org/doc/draft-iab-protocol-maintenance/00/
200	0	https://community.fortinet.com	https://community.fortinet.com/
200	0	https://csrc.nist.gov/pubs/sp/800/92/final	https://csrc.nist.gov/pubs/sp/800/92/final
200	0	https://datatracker.ietf.org/doc/html/draft-ietf-wrec-wpad-01	https://datatracker.ietf.org/doc/html/draft-ietf-wrec-wpad-01
200	0	https://datatracker.ietf.org/doc/html/draft-ietf-secsh-filexfer	https://datatracker.ietf.org/doc/html/draft-ietf-secsh-filexfer
200	2	https://8dot8.org	https://8dot8.org/inicio/
200	0	https://datatracker.ietf.org/doc/html/rfc1112	https://datatracker.ietf.org/doc/html/rfc1112
200	0	https://datatracker.ietf.org/doc/html/rfc1058	https://datatracker.ietf.org/doc/html/rfc1058
200	0	https://datatracker.ietf.org/doc/html/draft-vixie-dns-rpz-04	https://datatracker.ietf.org/doc/html/draft-vixie-dns-rpz-04
200	0	https://datatracker.ietf.org/doc/html/rfc2544	https://datatracker.ietf.org/doc/html/rfc2544
200	0	https://csrc.nist.gov/pubs/sp/800/56/a/r3/final	https://csrc.nist.gov/pubs/sp/800/56/a/r3/final
200	0	https://datatracker.ietf.org/doc/html/rfc7871	https://datatracker.ietf.org/doc/html/rfc7871
200	0	https://datatracker.ietf.org/doc/html/rfc7858	https://datatracker.ietf.org/doc/html/rfc7858
200	0	https://datatracker.ietf.org/doc/html/rfc8484	https://datatracker.ietf.org/doc/html/rfc8484
200	0	https://csrc.nist.gov/pubs/sp/800/94/final	https://csrc.nist.gov/pubs/sp/800/94/final
200	0	https://datatracker.ietf.org/doc/html/rfc793	https://datatracker.ietf.org/doc/html/rfc793
403	0	https://dl.acm.org/doi/10.1145/358198.358210	https://dl.acm.org/doi/10.1145/358198.358210
200	1	https://developer.mozilla.org/	https://developer.mozilla.org/en-US/
200	1	https://developer.mozilla.org/en-US/docs/Web/Guide/AJAX	https://developer.mozilla.org/en-US/docs/Learn_web_development/Core/Scripting/Network_requests
200	0	https://datatracker.ietf.org/doc/html/rfc919	https://datatracker.ietf.org/doc/html/rfc919
403	0	https://dl.acm.org/doi/10.1145/360248.360253	https://dl.acm.org/doi/10.1145/360248.360253
403	0	https://dl.acm.org/doi/10.5555/862335	https://dl.acm.org/doi/10.5555/862335
200	1	https://developer.mozilla.org/en-US/docs/Web/HTTP/Proxy_servers_and_tunneling/Proxy_Auto-Configuration_PAC_file	https://developer.mozilla.org/en-US/docs/Web/HTTP/Guides/Proxy_servers_and_tunneling/Proxy_Auto-Configuration_PAC_file
200	2	https://dc.fortune.com/asia/2024/09/18/taiwan-brand-gold-apollo-lebanon-exploding-pagers-hungary-manufacturer-bac	https://fortune.com/asia/2024/09/18/taiwan-brand-gold-apollo-lebanon-exploding-pagers-hungary-manufacturer-bac/
200	0	https://docs.oasis-open.org/mqtt/mqtt/v5.0/mqtt-v5.0.html	https://docs.oasis-open.org/mqtt/mqtt/v5.0/mqtt-v5.0.html
200	0	https://ekoparty.org/premio-a-la-trayectoria/	https://ekoparty.org/premio-a-la-trayectoria/
200	0	https://en.wikipedia.org/wiki/2024_Lebanon_pager_explosions	https://en.wikipedia.org/wiki/2024_Lebanon_pager_explosions
200	0	https://en.wikipedia.org/wiki/2013_Target_data_breach	https://en.wikipedia.org/wiki/2013_Target_data_breach
200	0	https://en.wikipedia.org/wiki/2016_Democratic_National_Committee_email_leak	https://en.wikipedia.org/wiki/2016_Democratic_National_Committee_email_leak
200	1	https://docs.cloud.f5.com/docs/ves-concepts/site	https://docs.cloud.f5.com/docs-v2/platform/concepts/site
200	0	https://en.wikipedia.org/wiki/Adrian_Lamo	https://en.wikipedia.org/wiki/Adrian_Lamo
200	0	https://en.wikipedia.org/wiki/Aaron_Swartz	https://en.wikipedia.org/wiki/Aaron_Swartz
200	0	https://en.wikipedia.org/wiki/AACS_encryption_key_controversy	https://en.wikipedia.org/wiki/AACS_encryption_key_controversy
200	0	https://en.wikipedia.org/wiki/Advanced_persistent_threat	https://en.wikipedia.org/wiki/Advanced_persistent_threat
200	0	https://en.wikipedia.org/wiki/Air_gap_(networking)	https://en.wikipedia.org/wiki/Air_gap_(networking)
200	0	https://en.wikipedia.org/wiki/Amdahl%27s_law	https://en.wikipedia.org/wiki/Amdahl%27s_law
200	0	https://en.wikipedia.org/wiki/Albert_Gonzalez	https://en.wikipedia.org/wiki/Albert_Gonzalez
200	0	https://en.wikipedia.org/wiki/Analog_signal	https://en.wikipedia.org/wiki/Analog_signal
200	0	https://electricityforum.com/a-timeline-of-history-of-electricity	https://electricityforum.com/a-timeline-of-history-of-electricity
200	0	https://en.wikipedia.org/wiki/Automotive_hacking	https://en.wikipedia.org/wiki/Automotive_hacking
200	0	https://en.wikipedia.org/wiki/Anonymous_(hacker_group)	https://en.wikipedia.org/wiki/Anonymous_(hacker_group)
200	0	https://ee.stanford.edu/~hellman/publications/24.pdf	https://ee.stanford.edu/~hellman/publications/24.pdf
200	0	https://en.wikipedia.org/wiki/Backhoe_fade	https://en.wikipedia.org/wiki/Backhoe_fade
200	0	https://en.wikipedia.org/wiki/Barnaby_Jack	https://en.wikipedia.org/wiki/Barnaby_Jack
200	0	https://en.wikipedia.org/wiki/Back_Orifice	https://en.wikipedia.org/wiki/Back_Orifice
200	0	https://conference.hitb.org/	https://conference.hitb.org/
200	0	https://en.wikipedia.org/wiki/Blockchain	https://en.wikipedia.org/wiki/Blockchain
200	0	https://en.wikipedia.org/wiki/Blaster_(computer_worm)	https://en.wikipedia.org/wiki/Blaster_(computer_worm)
404	0	https://en.wikipedia.org/wiki/Banker_trojan	https://en.wikipedia.org/wiki/Banker_trojan
200	0	https://en.wikipedia.org/wiki/Blue_screen_of_death	https://en.wikipedia.org/wiki/Blue_screen_of_death
200	1	https://campus-party.org	https://www.campus-party.org/
200	0	https://en.wikipedia.org/wiki/Broadcast_storm	https://en.wikipedia.org/wiki/Broadcast_storm
200	0	https://en.wikipedia.org/wiki/CAP_theorem	https://en.wikipedia.org/wiki/CAP_theorem
200	0	https://en.wikipedia.org/wiki/Berkeley_r-commands	https://en.wikipedia.org/wiki/Berkeley_r-commands
200	0	https://en.wikipedia.org/wiki/Brian_Kernighan	https://en.wikipedia.org/wiki/Brian_Kernighan
200	2	https://cwi.nl/news/2018/cwi-celebrates-30-year-of-open-internet-in-europe	https://www.cwi.nl/en/news/cwi-celebrates-30-year-of-open-internet-in-europe/
200	0	https://en.wikipedia.org/wiki/Bruce_Schneier	https://en.wikipedia.org/wiki/Bruce_Schneier
200	0	https://en.wikipedia.org/wiki/Captain_Midnight_broadcast_signal_intrusion	https://en.wikipedia.org/wiki/Captain_Midnight_broadcast_signal_intrusion
200	0	https://en.wikipedia.org/wiki/Blue_box	https://en.wikipedia.org/wiki/Blue_box
200	0	https://en.wikipedia.org/wiki/Broadcast,_unknown-unicast_and_multicast_traffic	https://en.wikipedia.org/wiki/Broadcast,_unknown-unicast_and_multicast_traffic
200	0	https://en.wikipedia.org/wiki/Capture_the_flag_(cybersecurity)	https://en.wikipedia.org/wiki/Capture_the_flag_(cybersecurity)
200	0	https://en.wikipedia.org/wiki/Carrier-sense_multiple_access_with_collision_avoidance	https://en.wikipedia.org/wiki/Carrier-sense_multiple_access_with_collision_avoidance
200	0	https://en.wikipedia.org/wiki/Carding_(fraud)	https://en.wikipedia.org/wiki/Carding_(fraud)
200	0	https://en.wikipedia.org/wiki/Carrier-sense_multiple_access_with_collision_detection	https://en.wikipedia.org/wiki/Carrier-sense_multiple_access_with_collision_detection
200	0	https://en.wikipedia.org/wiki/Centrifugal_governor	https://en.wikipedia.org/wiki/Centrifugal_governor
200	0	https://docs.fortinet.com/	https://docs.fortinet.com/
200	0	https://en.wikipedia.org/wiki/Clarke%27s_three_laws	https://en.wikipedia.org/wiki/Clarke%27s_three_laws
200	0	https://en.wikipedia.org/wiki/Clifford_Stoll	https://en.wikipedia.org/wiki/Clifford_Stoll
200	0	https://en.wikipedia.org/wiki/Chaos_Communication_Congress	https://en.wikipedia.org/wiki/Chaos_Communication_Congress
200	0	https://en.wikipedia.org/wiki/Clipper_chip	https://en.wikipedia.org/wiki/Clipper_chip
200	0	https://en.wikipedia.org/wiki/Citizenfour	https://en.wikipedia.org/wiki/Citizenfour
200	0	https://en.wikipedia.org/wiki/Crookes_tube	https://en.wikipedia.org/wiki/Crookes_tube
200	0	https://en.wikipedia.org/wiki/Cyberpunk:_Outlaws_and_Hackers_on_the_Computer_Frontier	https://en.wikipedia.org/wiki/Cyberpunk:_Outlaws_and_Hackers_on_the_Computer_Frontier
200	0	https://en.wikipedia.org/wiki/Cult_of_the_Dead_Cow	https://en.wikipedia.org/wiki/Cult_of_the_Dead_Cow
200	0	https://en.wikipedia.org/wiki/Collision_domain	https://en.wikipedia.org/wiki/Collision_domain
200	0	https://en.wikipedia.org/wiki/Daniel_Karrenberg	https://en.wikipedia.org/wiki/Daniel_Karrenberg
200	0	https://en.wikipedia.org/wiki/Cypherpunk	https://en.wikipedia.org/wiki/Cypherpunk
200	0	https://en.wikipedia.org/wiki/Eating_your_own_dog_food	https://en.wikipedia.org/wiki/Eating_your_own_dog_food
200	0	https://defcon.org	https://defcon.org/
200	0	https://en.wikipedia.org/wiki/Crypto_Wars	https://en.wikipedia.org/wiki/Crypto_Wars
200	0	https://en.wikipedia.org/wiki/DEF_CON	https://en.wikipedia.org/wiki/DEF_CON
200	0	https://en.wikipedia.org/wiki/Deep_Blue_versus_Garry_Kasparov	https://en.wikipedia.org/wiki/Deep_Blue_versus_Garry_Kasparov
200	0	https://en.wikipedia.org/wiki/ELIZA	https://en.wikipedia.org/wiki/ELIZA
404	0	https://en.wikipedia.org/wiki/Countdown_to_Zero_Day	https://en.wikipedia.org/wiki/Countdown_to_Zero_Day
200	0	https://en.wikipedia.org/wiki/Edward_Snowden	https://en.wikipedia.org/wiki/Edward_Snowden
200	0	https://en.wikipedia.org/wiki/Elizabeth_J._Feinler	https://en.wikipedia.org/wiki/Elizabeth_J._Feinler
200	0	https://en.wikipedia.org/wiki/Expect	https://en.wikipedia.org/wiki/Expect
200	0	https://en.wikipedia.org/wiki/Dongle	https://en.wikipedia.org/wiki/Dongle
200	0	https://en.wikipedia.org/wiki/End-of-life_product	https://en.wikipedia.org/wiki/End-of-life_product
200	0	https://en.wikipedia.org/wiki/Fallacies_of_distributed_computing	https://en.wikipedia.org/wiki/Fallacies_of_distributed_computing
200	0	https://en.wikipedia.org/wiki/Garbage_in,_garbage_out	https://en.wikipedia.org/wiki/Garbage_in,_garbage_out
200	0	https://en.wikipedia.org/wiki/Gary_McKinnon	https://en.wikipedia.org/wiki/Gary_McKinnon
200	0	https://en.wikipedia.org/wiki/Firewalls_and_Internet_Security	https://en.wikipedia.org/wiki/Firewalls_and_Internet_Security
200	0	https://en.wikipedia.org/wiki/George_Boole	https://en.wikipedia.org/wiki/George_Boole
200	0	https://en.wikipedia.org/wiki/Goodhart%27s_law	https://en.wikipedia.org/wiki/Goodhart%27s_law
200	0	https://en.wikipedia.org/wiki/George_Hotz	https://en.wikipedia.org/wiki/George_Hotz
200	0	https://en.wikipedia.org/wiki/Graphical_user_interface	https://en.wikipedia.org/wiki/Graphical_user_interface
200	0	https://en.wikipedia.org/wiki/Georg_Ohm	https://en.wikipedia.org/wiki/Georg_Ohm
200	0	https://en.wikipedia.org/wiki/Hacker_culture	https://en.wikipedia.org/wiki/Hacker_culture
200	0	https://en.wikipedia.org/wiki/Glenn_Ricart	https://en.wikipedia.org/wiki/Glenn_Ricart
200	0	https://en.wikipedia.org/wiki/Hackers:_Heroes_of_the_Computer_Revolution	https://en.wikipedia.org/wiki/Hackers:_Heroes_of_the_Computer_Revolution
200	0	https://en.wikipedia.org/wiki/HD_Moore	https://en.wikipedia.org/wiki/HD_Moore
200	0	https://en.wikipedia.org/wiki/Ghost_in_the_Wires	https://en.wikipedia.org/wiki/Ghost_in_the_Wires
200	0	https://en.wikipedia.org/wiki/Greenspun%27s_tenth_rule	https://en.wikipedia.org/wiki/Greenspun%27s_tenth_rule
200	0	https://en.wikipedia.org/wiki/Hackers_(film)	https://en.wikipedia.org/wiki/Hackers_(film)
200	0	https://en.wikipedia.org/wiki/Fail_Whale	https://en.wikipedia.org/wiki/Fail_Whale
200	0	https://en.wikipedia.org/wiki/Homebrew_Computer_Club	https://en.wikipedia.org/wiki/Homebrew_Computer_Club
200	0	https://en.wikipedia.org/wiki/Hacktivism	https://en.wikipedia.org/wiki/Hacktivism
200	0	https://en.wikipedia.org/wiki/Hackers_on_Planet_Earth	https://en.wikipedia.org/wiki/Hackers_on_Planet_Earth
200	0	https://en.wikipedia.org/wiki/Howard_Frank_(network_engineer)	https://en.wikipedia.org/wiki/Howard_Frank_(network_engineer)
200	0	https://en.wikipedia.org/wiki/Indirection	https://en.wikipedia.org/wiki/Indirection
200	0	https://en.wikipedia.org/wiki/Illegal_number	https://en.wikipedia.org/wiki/Illegal_number
200	0	https://en.wikipedia.org/wiki/High_Performance_Computing_Act_of_1991	https://en.wikipedia.org/wiki/High_Performance_Computing_Act_of_1991
200	0	https://en.wikipedia.org/wiki/J._C._R._Licklider	https://en.wikipedia.org/wiki/J._C._R._Licklider
200	0	https://en.wikipedia.org/wiki/Interpacket_gap	https://en.wikipedia.org/wiki/Interpacket_gap
200	0	https://en.wikipedia.org/wiki/HotWired	https://en.wikipedia.org/wiki/HotWired
200	0	https://en.wikipedia.org/wiki/Jon_Lech_Johansen	https://en.wikipedia.org/wiki/Jon_Lech_Johansen
200	0	https://en.wikipedia.org/wiki/John_Markoff	https://en.wikipedia.org/wiki/John_Markoff
200	0	https://en.wikipedia.org/wiki/Intergalactic_Computer_Network	https://en.wikipedia.org/wiki/Intergalactic_Computer_Network
200	0	https://en.wikipedia.org/wiki/Jeff_Moss_(hacker)	https://en.wikipedia.org/wiki/Jeff_Moss_(hacker)
200	0	https://en.wikipedia.org/wiki/John_Gall_(author)	https://en.wikipedia.org/wiki/John_Gall_(author)
200	0	https://en.wikipedia.org/wiki/Ira_Fuchs	https://en.wikipedia.org/wiki/Ira_Fuchs
200	0	https://en.wikipedia.org/wiki/Internet_Relay_Chat	https://en.wikipedia.org/wiki/Internet_Relay_Chat
200	0	https://en.wikipedia.org/wiki/Katie_Moussouris	https://en.wikipedia.org/wiki/Katie_Moussouris
200	0	https://en.wikipedia.org/wiki/Julian_Assange	https://en.wikipedia.org/wiki/Julian_Assange
200	0	https://en.wikipedia.org/wiki/Kevin_Poulsen	https://en.wikipedia.org/wiki/Kevin_Poulsen
200	0	https://en.wikipedia.org/wiki/L0pht	https://en.wikipedia.org/wiki/L0pht
200	0	https://en.wikipedia.org/wiki/Jude_Milhon	https://en.wikipedia.org/wiki/Jude_Milhon
200	0	https://en.wikipedia.org/wiki/Key_escrow	https://en.wikipedia.org/wiki/Key_escrow
200	0	https://en.wikipedia.org/wiki/L%C3%A9on_Foucault	https://en.wikipedia.org/wiki/L%C3%A9on_Foucault
200	0	https://en.wikipedia.org/wiki/Karl_Koch_(hacker)	https://en.wikipedia.org/wiki/Karl_Koch_(hacker)
200	0	https://en.wikipedia.org/wiki/Joybubbles	https://en.wikipedia.org/wiki/Joybubbles
200	0	https://en.wikipedia.org/wiki/Leet	https://en.wikipedia.org/wiki/Leet
200	0	https://en.wikipedia.org/wiki/Leap_second	https://en.wikipedia.org/wiki/Leap_second
200	0	https://en.wikipedia.org/wiki/Linus%27s_law	https://en.wikipedia.org/wiki/Linus%27s_law
200	0	https://en.wikipedia.org/wiki/Kill_chain	https://en.wikipedia.org/wiki/Kill_chain
200	0	https://en.wikipedia.org/wiki/Legion_of_Doom_(hacker_group)	https://en.wikipedia.org/wiki/Legion_of_Doom_(hacker_group)
200	0	https://en.wikipedia.org/wiki/Linus_Torvalds	https://en.wikipedia.org/wiki/Linus_Torvalds
200	0	https://en.wikipedia.org/wiki/Laurence_Canter_and_Martha_Siegel	https://en.wikipedia.org/wiki/Laurence_Canter_and_Martha_Siegel
200	0	https://en.wikipedia.org/wiki/Kevin_Mitnick	https://en.wikipedia.org/wiki/Kevin_Mitnick
200	0	https://en.wikipedia.org/wiki/Magic_number_(programming)	https://en.wikipedia.org/wiki/Magic_number_(programming)
200	0	https://en.wikipedia.org/wiki/Mark_Abene	https://en.wikipedia.org/wiki/Mark_Abene
200	0	https://en.wikipedia.org/wiki/Longest_common_subsequence	https://en.wikipedia.org/wiki/Longest_common_subsequence
200	0	https://en.wikipedia.org/wiki/Max_Butler	https://en.wikipedia.org/wiki/Max_Butler
200	0	https://en.wikipedia.org/wiki/Metcalfe%27s_law	https://en.wikipedia.org/wiki/Metcalfe%27s_law
200	0	https://en.wikipedia.org/wiki/Margaret_Hamilton_(software_engineer)	https://en.wikipedia.org/wiki/Margaret_Hamilton_(software_engineer)
200	0	https://en.wikipedia.org/wiki/Max_Headroom_signal_hijacking	https://en.wikipedia.org/wiki/Max_Headroom_signal_hijacking
200	0	https://en.wikipedia.org/wiki/LulzSec	https://en.wikipedia.org/wiki/LulzSec
200	0	https://en.wikipedia.org/wiki/Masters_of_Deception	https://en.wikipedia.org/wiki/Masters_of_Deception
200	0	https://en.wikipedia.org/wiki/Murphy%27s_law	https://en.wikipedia.org/wiki/Murphy%27s_law
200	0	https://en.wikipedia.org/wiki/Mr._Robot	https://en.wikipedia.org/wiki/Mr._Robot
200	0	https://en.wikipedia.org/wiki/Mt._Gox	https://en.wikipedia.org/wiki/Mt._Gox
200	0	https://en.wikipedia.org/wiki/Michelson%E2%80%93Morley_experiment	https://en.wikipedia.org/wiki/Michelson%E2%80%93Morley_experiment
200	0	https://en.wikipedia.org/wiki/MafiaBoy	https://en.wikipedia.org/wiki/MafiaBoy
200	0	https://en.wikipedia.org/wiki/Newbie	https://en.wikipedia.org/wiki/Newbie
200	0	https://en.wikipedia.org/wiki/NORAD	https://en.wikipedia.org/wiki/NORAD
200	0	https://en.wikipedia.org/wiki/Micha%C5%82_Zalewski	https://en.wikipedia.org/wiki/Micha%C5%82_Zalewski
200	0	https://en.wikipedia.org/wiki/Neuromancer	https://en.wikipedia.org/wiki/Neuromancer
200	0	https://en.wikipedia.org/wiki/Nimda	https://en.wikipedia.org/wiki/Nimda
200	0	https://en.wikipedia.org/wiki/Netsplit	https://en.wikipedia.org/wiki/Netsplit
200	0	https://en.wikipedia.org/wiki/Ninety%E2%80%93ninety_rule	https://en.wikipedia.org/wiki/Ninety%E2%80%93ninety_rule
200	0	https://en.wikipedia.org/wiki/No_Silver_Bullet	https://en.wikipedia.org/wiki/No_Silver_Bullet
200	0	https://en.wikipedia.org/wiki/Npm_left-pad_incident	https://en.wikipedia.org/wiki/Npm_left-pad_incident
200	0	https://en.wikipedia.org/wiki/Peiter_Zatko	https://en.wikipedia.org/wiki/Peiter_Zatko
200	0	https://en.wikipedia.org/wiki/Operation_Sundevil	https://en.wikipedia.org/wiki/Operation_Sundevil
200	0	https://en.wikipedia.org/wiki/Personal_area_network	https://en.wikipedia.org/wiki/Personal_area_network
200	0	https://en.wikipedia.org/wiki/Perverse_incentive	https://en.wikipedia.org/wiki/Perverse_incentive
200	0	https://en.wikipedia.org/wiki/Nyquist%E2%80%93Shannon_sampling_theorem	https://en.wikipedia.org/wiki/Nyquist%E2%80%93Shannon_sampling_theorem
200	0	https://en.wikipedia.org/wiki/PARC_(company)	https://en.wikipedia.org/wiki/PARC_(company)
200	0	https://en.wikipedia.org/wiki/Null_Community	https://en.wikipedia.org/wiki/Null_Community
200	0	https://en.wikipedia.org/wiki/Operation_Aurora	https://en.wikipedia.org/wiki/Operation_Aurora
200	0	https://en.wikipedia.org/wiki/Paul_Vixie	https://en.wikipedia.org/wiki/Paul_Vixie
200	0	https://en.wikipedia.org/wiki/Office_Assistant	https://en.wikipedia.org/wiki/Office_Assistant
200	0	https://en.wikipedia.org/wiki/Phil_Zimmermann	https://en.wikipedia.org/wiki/Phil_Zimmermann
200	0	https://en.wikipedia.org/wiki/Peter_Eckersley_(computer_scientist)	https://en.wikipedia.org/wiki/Peter_Eckersley_(computer_scientist)
200	0	https://en.wikipedia.org/wiki/Poe%27s_law	https://en.wikipedia.org/wiki/Poe%27s_law
200	0	https://en.wikipedia.org/wiki/Ray_Tomlinson	https://en.wikipedia.org/wiki/Ray_Tomlinson
200	0	https://en.wikipedia.org/wiki/Secure_access_service_edge	https://en.wikipedia.org/wiki/Secure_access_service_edge
200	0	https://en.wikipedia.org/wiki/RSA_SecurID	https://en.wikipedia.org/wiki/RSA_SecurID
200	0	https://en.wikipedia.org/wiki/Principle_of_least_astonishment	https://en.wikipedia.org/wiki/Principle_of_least_astonishment
200	0	https://en.wikipedia.org/wiki/Pretty_Good_Privacy	https://en.wikipedia.org/wiki/Pretty_Good_Privacy
200	0	https://en.wikipedia.org/wiki/Security_BSides	https://en.wikipedia.org/wiki/Security_BSides
200	0	https://en.wikipedia.org/wiki/SOLID	https://en.wikipedia.org/wiki/SOLID
200	0	https://en.wikipedia.org/wiki/SQL_Slammer	https://en.wikipedia.org/wiki/SQL_Slammer
200	0	https://en.wikipedia.org/wiki/Richard_Stallman	https://en.wikipedia.org/wiki/Richard_Stallman
200	0	https://en.wikipedia.org/wiki/Pwn2Own	https://en.wikipedia.org/wiki/Pwn2Own
200	0	https://en.wikipedia.org/wiki/Piet_Beertema	https://en.wikipedia.org/wiki/Piet_Beertema
200	0	https://en.wikipedia.org/wiki/Pwnie_Awards	https://en.wikipedia.org/wiki/Pwnie_Awards
200	0	https://en.wikipedia.org/wiki/Silk_Road_(marketplace)	https://en.wikipedia.org/wiki/Silk_Road_(marketplace)
200	0	https://en.wikipedia.org/wiki/Sneakers_(1992_film)	https://en.wikipedia.org/wiki/Sneakers_(1992_film)
200	0	https://en.wikipedia.org/wiki/Sturgeon%27s_law	https://en.wikipedia.org/wiki/Sturgeon%27s_law
200	0	https://en.wikipedia.org/wiki/Space_Rogue	https://en.wikipedia.org/wiki/Space_Rogue
200	0	https://en.wikipedia.org/wiki/ShmooCon	https://en.wikipedia.org/wiki/ShmooCon
200	0	https://en.wikipedia.org/wiki/Slashdot_effect	https://en.wikipedia.org/wiki/Slashdot_effect
200	0	https://en.wikipedia.org/wiki/TL;DR	https://en.wikipedia.org/wiki/TL;DR
200	0	https://en.wikipedia.org/wiki/Tadao_Takahashi	https://en.wikipedia.org/wiki/Tadao_Takahashi
200	0	https://en.wikipedia.org/wiki/Software_protection_dongle	https://en.wikipedia.org/wiki/Software_protection_dongle
200	0	https://en.wikipedia.org/wiki/Split-brain_(computing)	https://en.wikipedia.org/wiki/Split-brain_(computing)
200	0	https://en.wikipedia.org/wiki/Sony_Pictures_hack	https://en.wikipedia.org/wiki/Sony_Pictures_hack
200	0	https://en.wikipedia.org/wiki/Susan_Headley	https://en.wikipedia.org/wiki/Susan_Headley
200	0	https://en.wikipedia.org/wiki/Tarek_Kamel	https://en.wikipedia.org/wiki/Tarek_Kamel
200	0	https://en.wikipedia.org/wiki/Symbolics	https://en.wikipedia.org/wiki/Symbolics
200	0	https://en.wikipedia.org/wiki/Tesla_coil	https://en.wikipedia.org/wiki/Tesla_coil
200	0	https://en.wikipedia.org/wiki/Tcl_(programming_language)	https://en.wikipedia.org/wiki/Tcl_(programming_language)
200	0	https://en.wikipedia.org/wiki/The_Art_of_Deception	https://en.wikipedia.org/wiki/The_Art_of_Deception
200	0	https://en.wikipedia.org/wiki/Snow_Crash	https://en.wikipedia.org/wiki/Snow_Crash
200	0	https://en.wikipedia.org/wiki/The_Mother_of_All_Demos	https://en.wikipedia.org/wiki/The_Mother_of_All_Demos
200	0	https://en.wikipedia.org/wiki/The_Matrix	https://en.wikipedia.org/wiki/The_Matrix
200	0	https://en.wikipedia.org/wiki/The_Shadow_Brokers	https://en.wikipedia.org/wiki/The_Shadow_Brokers
200	0	https://en.wikipedia.org/wiki/Token_Ring	https://en.wikipedia.org/wiki/Token_Ring
200	0	https://en.wikipedia.org/wiki/The_Shockwave_Rider	https://en.wikipedia.org/wiki/The_Shockwave_Rider
200	0	https://en.wikipedia.org/wiki/Teus_Hagen	https://en.wikipedia.org/wiki/Teus_Hagen
200	0	https://en.wikipedia.org/wiki/Tim_Berners-Lee	https://en.wikipedia.org/wiki/Tim_Berners-Lee
200	0	https://en.wikipedia.org/wiki/Takedown_(book)	https://en.wikipedia.org/wiki/Takedown_(book)
200	0	https://en.wikipedia.org/wiki/Tsutomu_Shimomura	https://en.wikipedia.org/wiki/Tsutomu_Shimomura
200	0	https://en.wikipedia.org/wiki/The_DAO	https://en.wikipedia.org/wiki/The_DAO
200	0	https://en.wikipedia.org/wiki/Trojan_Room_coffee_pot	https://en.wikipedia.org/wiki/Trojan_Room_coffee_pot
200	0	https://en.wikipedia.org/wiki/Turing_machine	https://en.wikipedia.org/wiki/Turing_machine
200	0	https://en.wikipedia.org/wiki/Two_Generals%27_Problem	https://en.wikipedia.org/wiki/Two_Generals%27_Problem
200	0	https://en.wikipedia.org/wiki/Usenet	https://en.wikipedia.org/wiki/Usenet
200	0	https://en.wikipedia.org/wiki/UUCP	https://en.wikipedia.org/wiki/UUCP
200	0	https://en.wikipedia.org/wiki/Wau_Holland	https://en.wikipedia.org/wiki/Wau_Holland
200	0	https://en.wikipedia.org/wiki/User_error	https://en.wikipedia.org/wiki/User_error
200	0	https://en.wikipedia.org/wiki/Underground_(Dreyfus_book)	https://en.wikipedia.org/wiki/Underground_(Dreyfus_book)
200	0	https://en.wikipedia.org/wiki/WANK_(computer_worm)	https://en.wikipedia.org/wiki/WANK_(computer_worm)
200	0	https://en.wikipedia.org/wiki/Wardriving	https://en.wikipedia.org/wiki/Wardriving
200	0	https://en.wikipedia.org/wiki/Warez_scene	https://en.wikipedia.org/wiki/Warez_scene
200	0	https://en.wikipedia.org/wiki/WarGames	https://en.wikipedia.org/wiki/WarGames
200	0	https://en.wikipedia.org/wiki/Wirth%27s_law	https://en.wikipedia.org/wiki/Wirth%27s_law
200	0	https://en.wikipedia.org/wiki/Wardialing	https://en.wikipedia.org/wiki/Wardialing
200	0	https://en.wikipedia.org/wiki/X_Window_System	https://en.wikipedia.org/wiki/X_Window_System
200	0	https://en.wikipedia.org/wiki/Werner_Buchholz	https://en.wikipedia.org/wiki/Werner_Buchholz
200	0	https://en.wikipedia.org/wiki/Year_2000_problem	https://en.wikipedia.org/wiki/Year_2000_problem
200	0	https://en.wikipedia.org/wiki/Weston_cell	https://en.wikipedia.org/wiki/Weston_cell
202	0	https://eur-lex.europa.eu/eli/dir/2022/2555	https://eur-lex.europa.eu/eli/dir/2022/2555
200	0	https://ethw.org/Ethernet	https://ethw.org/Ethernet
200	0	https://en.wikipedia.org/wiki/Yvonne_Andres	https://en.wikipedia.org/wiki/Yvonne_Andres
200	0	https://en.wikiquote.org/wiki/Bill_Gates	https://en.wikiquote.org/wiki/Bill_Gates
404	0	https://en.wikipedia.org/wiki/Wall_of_Sheep	https://en.wikipedia.org/wiki/Wall_of_Sheep
200	0	https://fidoalliance.org/passkeys/	https://fidoalliance.org/passkeys/
200	0	https://en.wikipedia.org/wiki/Year_2038_problem	https://en.wikipedia.org/wiki/Year_2038_problem
200	0	https://firstsiteguide.com/who-invented-internet-part-5/	https://firstsiteguide.com/who-invented-internet-part-5/
403	0	https://github.com/Netflix/chaosmonkey	https://github.com/Netflix/chaosmonkey
200	0	https://ethw.org/Edward_Weston	https://ethw.org/Edward_Weston
200	0	https://foldoc.org/byte	https://foldoc.org/byte
200	0	https://eprint.iacr.org/2022/975	https://eprint.iacr.org/2022/975
403	0	https://github.com/salesforce/ja3	https://github.com/salesforce/ja3
200	0	https://ethw.org/Milestones:First_Intelligible_Voice_Transmission_over_Electric_Wire,_1876	https://ethw.org/Milestones:First_Intelligible_Voice_Transmission_over_Electric_Wire,_1876
403	0	https://github.com/ulid/spec	https://github.com/ulid/spec
200	0	https://google.github.io/eng-practices/review/	https://google.github.io/eng-practices/review/
200	0	https://esamultimedia.esa.int/docs/esa-x-1819eng.pdf	https://esamultimedia.esa.int/docs/esa-x-1819eng.pdf
202	0	https://ieeexplore.ieee.org/document/274940	https://ieeexplore.ieee.org/document/274940
200	0	https://firstmonday.org/ojs/index.php/fm/article/download/613/534?inline=1	https://firstmonday.org/ojs/index.php/fm/article/download/613/534?inline=1
200	1	https://furukawa.my.salesforce-sites.com/pt-br/ift-detalhes/fcp-gestao-de-infraestrutura-de-redes	https://academy.latam.lightera.com/
403	0	https://icannwiki.org/Tarek_Kamel	https://icannwiki.org/Tarek_Kamel
200	0	https://ics.uci.edu/~fielding/pubs/dissertation/rest_arch_style.htm	https://ics.uci.edu/~fielding/pubs/dissertation/rest_arch_style.htm
200	0	https://historyofinformation.com/detail.php?id=858	https://historyofinformation.com/detail.php?id=858
200	0	https://infosec-conferences.com/troopers/	https://infosec-conferences.com/troopers/
200	0	https://ieeemilestones.ethw.org/Milestone-Proposal:Grace_Hopper's_Compiler_and_Programming_Language_Work,_1952-1959	https://ieeemilestones.ethw.org/Milestone-Proposal:Grace_Hopper's_Compiler_and_Programming_Language_Work,_1952-1959
200	0	https://isc.sans.edu	https://isc.sans.edu/
200	0	https://learn.microsoft.com/en-us/iis/get-started/introduction-to-iis/introduction-to-iis-architecture	https://learn.microsoft.com/en-us/iis/get-started/introduction-to-iis/introduction-to-iis-architecture
200	0	https://it.wikipedia.org/wiki/Marisa_Bellisario	https://it.wikipedia.org/wiki/Marisa_Bellisario
200	0	https://learn.microsoft.com/en-us/windows-server/identity/ad-ds/get-started/virtual-dc/active-directory-domain-services-overview	https://learn.microsoft.com/en-us/windows-server/identity/ad-ds/get-started/virtual-dc/active-directory-domain-services-overview
200	1	https://garoa.net.br	https://garoa.net.br/wiki/P%C3%A1gina_principal
200	0	https://john.cs.olemiss.edu/~hcc/csci555/notes/localcopy/Liskov_Data_Abstraction_and_Hierarchy_1987.pdf	https://john.cs.olemiss.edu/~hcc/csci555/notes/localcopy/Liskov_Data_Abstraction_and_Hierarchy_1987.pdf
200	0	https://forum.cert.br	https://forum.cert.br/
200	0	https://learn.microsoft.com/en-us/windows/win32/ad/service-principal-names	https://learn.microsoft.com/en-us/windows/win32/ad/service-principal-names
200	0	https://lamport.azurewebsites.net/pubs/time-clocks.pdf	https://lamport.azurewebsites.net/pubs/time-clocks.pdf
200	0	https://kartsci.org/science_computers/wireless-communications-radio/	https://kartsci.org/science_computers/wireless-communications-radio/
200	0	https://learn.microsoft.com/en-us/windows-server/security/kerberos/ntlm-overview	https://learn.microsoft.com/en-us/windows-server/security/kerberos/ntlm-overview
200	0	https://gtergts.nic.br/	https://gtergts.nic.br/
200	1	https://learn.microsoft.com/en-us/openspecs/windows_protocols/ms-smb2/	https://learn.microsoft.com/en-us/openspecs/windows_protocols/ms-smb2/5606ad47-5ee0-437a-817e-70c366052962
200	0	https://letsencrypt.org/	https://letsencrypt.org/
200	0	https://libera.chat/	https://libera.chat/
200	2	https://learn.microsoft.com/en-us/windows-server/remote/remote-desktop-services/welcome-to-rds	https://learn.microsoft.com/en-us/windows-server/remote/remote-desktop-services/overview
200	0	https://lemelson.mit.edu/award-winners/douglas-engelbart	https://lemelson.mit.edu/award-winners/douglas-engelbart
200	1	https://insights.sei.cmu.edu/library/1998-cert-advisories/	https://www.sei.cmu.edu/library/1998-cert-advisories/
200	0	https://lemelson.mit.edu/resources/radia-perlman	https://lemelson.mit.edu/resources/radia-perlman
200	0	https://martinfowler.com/bliki/TwoHardThings.html	https://martinfowler.com/bliki/TwoHardThings.html
200	0	https://man.openbsd.org/scp	https://man.openbsd.org/scp
200	1	https://modelcontextprotocol.io/	https://modelcontextprotocol.io/docs/2026-07-28/getting-started/intro
403	0	https://media.defense.gov/2019/Nov/18/2002212783/-1/-1/0/MANAGING%20RISK%20FROM%20TRANSPORT%20LAYER%20SECURITY%20INSPECTION.PDF	https://media.defense.gov/2019/Nov/18/2002212783/-1/-1/0/MANAGING%20RISK%20FROM%20TRANSPORT%20LAYER%20SECURITY%20INSPECTION.PDF
200	0	https://llis.nasa.gov/llis_lib/pdf/1009464main1_0641-mr.pdf	https://llis.nasa.gov/llis_lib/pdf/1009464main1_0641-mr.pdf
200	0	https://my.f5.com/manage/s/article/K7332	https://my.f5.com/manage/s/article/K7332
200	0	https://nationalmaglab.org/magnet-academy/history-of-electricity-magnetism/museum/torsion-balance-1785/	https://nationalmaglab.org/magnet-academy/history-of-electricity-magnetism/museum/torsion-balance-1785/
200	0	https://my.f5.com/manage/s/article/K7820	https://my.f5.com/manage/s/article/K7820
200	0	https://my.f5.com/manage/s/article/K13375	https://my.f5.com/manage/s/article/K13375
200	0	https://nmap.org/	https://nmap.org/
200	0	https://nlnet.nl/people/TeusHagen/	https://nlnet.nl/people/TeusHagen/
200	0	https://nlnet.nl/press/20170919-internethalloffame-en.html	https://nlnet.nl/press/20170919-internethalloffame-en.html
200	0	https://news2mail.com/nl.html	https://news2mail.com/nl.html
200	0	https://mathshistory.st-andrews.ac.uk/Honours/Turing_Award/	https://mathshistory.st-andrews.ac.uk/Honours/Turing_Award/
200	0	https://nvd.nist.gov/	https://nvd.nist.gov/
200	2	https://my.f5.com/	https://my.f5.com/manage/s/
200	0	https://nmap.org/book/history-future.html	https://nmap.org/book/history-future.html
200	0	https://ooni.org/	https://ooni.org/
200	0	https://nullcon.net	https://nullcon.net/
200	1	https://openvpn.net/community-resources/how-to/	https://openvpn.net/community-docs/how-to.html
200	0	https://passkeys.dev/	https://passkeys.dev/
200	0	https://olhardigital.com.br/2025/04/08/dicas-e-tutoriais/qual-a-origem-da-palavra-gambiarra/	https://olhardigital.com.br/2025/04/08/dicas-e-tutoriais/qual-a-origem-da-palavra-gambiarra/
200	0	https://peruhack.org/index.html	https://peruhack.org/index.html
200	0	https://people.csail.mit.edu/rivest/Rsapaper.pdf	https://people.csail.mit.edu/rivest/Rsapaper.pdf
200	0	https://owasp.org	https://owasp.org/
200	0	https://phrack.org/issues/49/smashing-the-stack-for-fun-and-profit	https://phrack.org/issues/49/smashing-the-stack-for-fun-and-profit
200	0	https://ndmais.com.br/cidadania/o-homem-que-popularizou-a-informatica-relembre-o-legado-de-max-goncalves/	https://ndmais.com.br/cidadania/o-homem-que-popularizou-a-informatica-relembre-o-legado-de-max-goncalves/
200	1	https://owasp.org/www-community/vulnerabilities/XML_External_Entity_(XXE)_Processing	https://community.owasp.org/vulnerabilities/XML_External_Entity_(XXE)_Processing
200	0	https://northdenvertribune.com/neighborhood-news/al-gore-and-the-modern-internet-a-balanced-assessment-of-legislative-leadership/	https://northdenvertribune.com/neighborhood-news/al-gore-and-the-modern-internet-a-balanced-assessment-of-legislative-leadership/
200	0	https://pt.wikipedia.org/wiki/Gambiarra	https://pt.wikipedia.org/wiki/Gambiarra
200	0	https://pt.wikipedia.org/wiki/Fenasoft	https://pt.wikipedia.org/wiki/Fenasoft
200	0	https://pt.wikipedia.org/wiki/Jeitinho	https://pt.wikipedia.org/wiki/Jeitinho
200	0	https://latinoware.org	https://latinoware.org/
200	0	https://pt.wikipedia.org/wiki/O_Rei_da_Internet	https://pt.wikipedia.org/wiki/O_Rei_da_Internet
200	0	https://pubs.opengroup.org/onlinepubs/9699919799/	https://pubs.opengroup.org/onlinepubs/9699919799/
200	0	https://rpm-packaging-guide.github.io/	https://rpm-packaging-guide.github.io/
200	0	https://sites.google.com/site/internethistoryasia/book1/2--THE-INTERNET-IN-1980s	https://sites.google.com/site/internethistoryasia/book1/2--THE-INTERNET-IN-1980s
000	0	https://roadsec.com.br	https://roadsec.com.br/000 0 -
200	0	https://standards.ieee.org	https://standards.ieee.org/
202	0	https://revistaseguridad.cl/2026/02/12/8-8-computer-security-conference-presenta-8-8-unreal-cuando-la-ciberseguridad-enfrenta-lo-que-parece-real-pero-no-lo-es/	https://revistaseguridad.cl/2026/02/12/8-8-computer-security-conference-presenta-8-8-unreal-cuando-la-ciberseguridad-enfrenta-lo-que-parece-real-pero-no-lo-es/
200	0	https://standards.ieee.org/products-programs/regauth/	https://standards.ieee.org/products-programs/regauth/
000	0	https://rtmp.veriskope.com/docs/spec/	https://rtmp.veriskope.com/docs/spec/000 0 -
200	0	https://seginfo.com.br/2016/02/22/seginfocast-29-ysts-you-sh0t-the-sheriff-10a-edicao/	https://seginfo.com.br/2016/02/22/seginfocast-29-ysts-you-sh0t-the-sheriff-10a-edicao/
200	0	https://standards.ieee.org/ieee/802.1D/3387/	https://standards.ieee.org/ieee/802.1D/3387/
200	0	https://tedium.co/2022/10/19/will-dongles-ever-go-away/	https://tedium.co/2022/10/19/will-dongles-ever-go-away/
200	0	https://www.abetterinternet.org/	https://www.abetterinternet.org/
200	0	https://uptimeinstitute.com/tiers	https://uptimeinstitute.com/tiers
403	0	https://www.acm.org/articles/bulletins/2014/march/03182014-turing-award	https://www.acm.org/articles/bulletins/2014/march/03182014-turing-award
200	0	https://revistapesquisa.fapesp.br/demi-getschko-um-construtor-da-internet/	https://revistapesquisa.fapesp.br/demi-getschko-um-construtor-da-internet/
200	0	https://tosconf.lhc.net.br	https://tosconf.lhc.net.br/
403	0	https://www.acm.org/articles/bulletins/2023/march/turing-award-2022	https://www.acm.org/articles/bulletins/2023/march/turing-award-2022
200	0	https://troopers.de	https://troopers.de/
200	0	https://itseller.pe/2025/08/04/security-bsides-peru-2025-un-compromiso-con-la-comunidad-de-ciberseguridad/	https://itseller.pe/2025/08/04/security-bsides-peru-2025-un-compromiso-con-la-comunidad-de-ciberseguridad/
200	0	https://www.accessnow.org/campaign/keepiton/	https://www.accessnow.org/campaign/keepiton/
200	0	https://securelist.com/the-tetrade-brazilian-banking-malware/97779/	https://securelist.com/the-tetrade-brazilian-banking-malware/97779/
200	0	https://www.2600.com	https://www.2600.com/
200	1	https://wiki.archlinux.org/	https://wiki.archlinux.org/title/Main_page
403	0	https://www.britannica.com/biography/Andre-Marie-Ampere	https://www.britannica.com/biography/Andre-Marie-Ampere
200	1	https://www.apisecuniversity.com	https://au.apisec.ai/
403	1	https://www.blackhat.com	https://blackhat.com/
200	0	https://www.apc.org/en/profile/karenb	https://www.apc.org/en/profile/karenb
200	0	https://www.baguete.com.br/noticias/liane-tarouco-entra-no-hall-da-fama-da-internet	https://www.baguete.com.br/noticias/liane-tarouco-entra-no-hall-da-fama-da-internet
403	0	https://www.britannica.com/biography/Paul-Baran	https://www.britannica.com/biography/Paul-Baran
403	0	https://www.britannica.com/biography/Douglas-Engelbart	https://www.britannica.com/biography/Douglas-Engelbart
403	0	https://www.britannica.com/science/Peltier-effect	https://www.britannica.com/science/Peltier-effect
000	0	https://ecma-international.org/	https://ecma-international.org/000 0 -
200	1	https://www.blackhat.com/presentations/bh-dc-09/Marlinspike/BlackHat-DC-09-Marlinspike-Defeating-SSL.pdf	https://blackhat.com/presentations/bh-dc-09/Marlinspike/BlackHat-DC-09-Marlinspike-Defeating-SSL.pdf
406	0	https://www.cbsnews.com/news/hezbollah-pagers-explode-israel-taiwan-hungary-gold-apollo-bac-consulting/	https://www.cbsnews.com/news/hezbollah-pagers-explode-israel-taiwan-hungary-gold-apollo-bac-consulting/
200	0	https://standards.ieee.org/ieee/802.1ah/3234/	https://standards.ieee.org/ieee/802.1ah/3234/
404	0	https://www.bipm.org/en/time-metrology/time-scales	https://www.bipm.org/en/time-metrology/time-scales
200	0	https://standards.ieee.org/ieee/802.1aq/4245/	https://standards.ieee.org/ieee/802.1aq/4245/
200	0	https://www.bipm.org/en/time-metrology	https://www.bipm.org/en/time-metrology
000	0	https://www.captcha.net/	https://www.captcha.net/000 0 -
403	0	https://www.cisa.gov/news-events/cybersecurity-advisories/aa20-073a	https://www.cisa.gov/news-events/cybersecurity-advisories/aa20-073a
200	0	https://www.bipm.org/en/measurement-units	https://www.bipm.org/en/measurement-units
200	0	https://image-ppubs.uspto.gov/dirsearch-public/print/downloadPdf/11588421	https://image-ppubs.uspto.gov/dirsearch-public/print/downloadPdf/11588421
403	0	https://www.cisa.gov/stopransomware/ransomware-guide	https://www.cisa.gov/stopransomware/ransomware-guide
403	0	https://www.cisco.com/c/en/us/products/ios-nx-os-software/	https://www.cisco.com/c/en/us/products/ios-nx-os-software/
403	0	https://www.cisco.com/site/us/en/learn/training-certifications/certifications/index.html	https://www.cisco.com/site/us/en/learn/training-certifications/certifications/index.html
403	0	https://www.cisco.com/c/en/us/td/docs/ios-xml/ios/ipapp/configuration/xe-16/iap-xe-16-book/iap-wccp.html	https://www.cisco.com/c/en/us/td/docs/ios-xml/ios/ipapp/configuration/xe-16/iap-xe-16-book/iap-wccp.html
200	0	https://www.bsi.bund.de/EN/Themen/Unternehmen-und-Organisationen/Informationen-und-Empfehlungen/Empfehlungen-nach-Angriffszielen/Cloud-Computing/Kriterienkatalog-C5/kriterienkatalog-c5_node.html	https://www.bsi.bund.de/EN/Themen/Unternehmen-und-Organisationen/Informationen-und-Empfehlungen/Empfehlungen-nach-Angriffszielen/Cloud-Computing/Kriterienkatalog-C5/kriterienkatalog-c5_node.html
200	0	https://www.chkrootkit.org/	https://www.chkrootkit.org/
200	1	https://www.caida.org/catalog/papers/2002_codered/	https://catalog.caida.org/paper/2002_codered/
200	0	https://www.cs.cmu.edu/~sef/sefSmiley.htm	https://www.cs.cmu.edu/~sef/sefSmiley.htm
200	0	https://www.ciscolive.com	https://www.ciscolive.com/
200	0	https://www.cs.columbia.edu/~smb/papers/ipext.pdf	https://www.cs.columbia.edu/~smb/papers/ipext.pdf
200	0	https://www.computerhistory.org/tdih/august/28/	https://www.computerhistory.org/tdih/august/28/
200	0	https://www.cve.org	https://www.cve.org/
200	0	https://www.cs.princeton.edu/courses/archive/fall06/cos561/papers/cerf74.pdf	https://www.cs.princeton.edu/courses/archive/fall06/cos561/papers/cerf74.pdf
200	2	https://www.cert.org/	https://www.sei.cmu.edu/divisions/cert/
200	0	https://www.cs.cornell.edu/courses/cs6410/2025fa/slides/24-congestion-control.pdf	https://www.cs.cornell.edu/courses/cs6410/2025fa/slides/24-congestion-control.pdf
200	0	https://www.amazon.com/Internetworking-TCP-Vol-1-Principles-Architecture/dp/0130183806	https://www.amazon.com/Internetworking-TCP-Vol-1-Principles-Architecture/dp/0130183806
200	0	https://www.dataprivacyframework.gov	https://www.dataprivacyframework.gov/
200	0	https://www.ccc.de	https://www.ccc.de/
200	1	https://www.cwnp.com/certifications/	https://www.cwnp.com/it-certifications/
000	0	https://www.cyber.gov.au/irap	https://www.cyber.gov.au/irap000 0 -
403	0	https://www.economist.com/news/1955/11/19/parkinsons-law	https://www.economist.com/news/1955/11/19/parkinsons-law
200	0	https://www.cwi.nl/en/news/cwi-celebrates-30-year-of-open-internet-in-europe/	https://www.cwi.nl/en/news/cwi-celebrates-30-year-of-open-internet-in-europe/
200	0	https://www.cigre.org/article/GB/andre-marie-ampere-and-the-two-hundred-years-of-electrodynamics	https://www.cigre.org/article/GB/andre-marie-ampere-and-the-two-hundred-years-of-electrodynamics
200	0	https://www.elon.edu/u/imagining/event-coverage/isoc-events/hof-ietf-2013/	https://www.elon.edu/u/imagining/event-coverage/isoc-events/hof-ietf-2013/
200	0	https://www.debian.org/social_contract	https://www.debian.org/social_contract
200	0	https://www.eff.org	https://www.eff.org/
403	0	https://www.escavador.com/sobre/1490298/rodrigo-rubira-branco	https://www.escavador.com/sobre/1490298/rodrigo-rubira-branco
200	0	https://www.ebsco.com/research-starters/biography/radia-perlman/	https://www.ebsco.com/research-starters/biography/radia-perlman/
200	0	https://www.cwi.nl/en/news/jaap-akkerhuis-admitted-to-internet-hall-of-fame/	https://www.cwi.nl/en/news/jaap-akkerhuis-admitted-to-internet-hall-of-fame/
200	1	https://www.ekoparty.org	https://ekoparty.org/
400	0	https://www.facebook.com/people/SampaSec/100064403183254/	https://www.facebook.com/people/SampaSec/100064403183254/
200	1	https://www.cert.br/sobre/reconhecimento/	https://cert.br/sobre/reconhecimento/
200	1	https://www.extremenetworks.com/support/documentation/	https://supportdocs.extremenetworks.com/support/documentation/
200	1	https://www.cert.br/	https://cert.br/
403	0	https://www.fbi.gov/news/stories/melissa-virus-20th-anniversary-032519	https://www.fbi.gov/news/stories/melissa-virus-20th-anniversary-032519
200	0	https://www.f5.com/glossary/load-balancer	https://www.f5.com/glossary/load-balancer
200	0	https://www.es.net/news-and-publications/esnet-news/archived-news/2012/vint-cerf-and-van-jacobson-inducted-into-internet-hall-of-fame/	https://www.es.net/news-and-publications/esnet-news/archived-news/2012/vint-cerf-and-van-jacobson-inducted-into-internet-hall-of-fame/
200	0	https://www.dragonjar.org	https://www.dragonjar.org/
403	0	https://www.fcc.gov/document/fcc-opens-6-ghz-band-wi-fi-and-other-unlicensed-uses	https://www.fcc.gov/document/fcc-opens-6-ghz-band-wi-fi-and-other-unlicensed-uses
200	0	https://www.first.org/epss/	https://www.first.org/epss/
200	0	https://www.first.org/	https://www.first.org/
403	0	https://www.gartner.com/en/documents/3956841	https://www.gartner.com/en/documents/3956841
200	0	https://www.f5.com/products	https://www.f5.com/products
200	0	https://www.f5.com/glossary/application-delivery-controller	https://www.f5.com/glossary/application-delivery-controller
404	0	https://www.f5.com/services/support/f5-security-incident-response-team	https://www.f5.com/services/support/f5-security-incident-response-team
000	0	https://www.h2hc.com.br	https://www.h2hc.com.br/000 0 -
403	0	https://www.gartner.com/en/information-technology/glossary/security-service-edge-sse	https://www.gartner.com/en/information-technology/glossary/security-service-edge-sse
200	0	https://www.f5.com/company/trust-center/iso-27001-iso-27017-iso-27018	https://www.f5.com/company/trust-center/iso-27001-iso-27017-iso-27018
403	0	https://www.hhs.gov/hipaa/index.html	https://www.hhs.gov/hipaa/index.html
200	0	https://www.iana.org/	https://www.iana.org/
200	0	https://www.hyrumslaw.com/	https://www.hyrumslaw.com/
200	0	https://www.history.com/this-day-in-history/january-26/baird-demonstrates-tv	https://www.history.com/this-day-in-history/january-26/baird-demonstrates-tv
200	0	https://www.historyofinformation.com/detail.php?id=673	https://www.historyofinformation.com/detail.php?id=673
200	0	https://www.iana.org/domains/root/db	https://www.iana.org/domains/root/db
200	0	https://www.guinnessworldrecords.com/world-records/107110-first-banner-ad	https://www.guinnessworldrecords.com/world-records/107110-first-banner-ad
403	0	https://www.icann.org/	https://www.icann.org/
200	0	https://www.fedramp.gov	https://www.fedramp.gov/
200	1	https://www.f-secure.com/v-descs/mssqlm.shtml	https://www.f-secure.com/v-descs/mssqlm
200	1	https://www.iana.org/assignments/http-status-codes/http-status-codes.xhtml	https://www.iana.org/assignments/http-status-codes
200	0	https://www.ietf.org	https://www.ietf.org/
200	0	https://www.influencewatch.org/person/craig-newmark/	https://www.influencewatch.org/person/craig-newmark/
202	0	https://www.ieee.org	https://www.ieee.org/
200	0	https://www.ieee802.org/11/	https://www.ieee802.org/11/
403	0	https://www.in-formality.com/wiki/index.php?title=Jugaad_%28India%29	https://www.in-formality.com/wiki/index.php?title=Jugaad_%28India%29
200	0	https://www.icann.org/en/blogs/details/elizabeth-jake-feinler-the-woman-behind-whois-25-03-2025-en	https://www.icann.org/en/blogs/details/elizabeth-jake-feinler-the-woman-behind-whois-25-03-2025-en
429	1	https://www.instagram.com/sampasec/	https://www.instagram.com/accounts/login/?next=https%3A%2F%2Fwww.instagram.com%2Fsampasec%2F&is_from_rle
200	1	https://www.furukawalatam.com/pt-br	https://lightera.com/pt-br/
200	0	https://www.internethalloffame.org/2016/09/09/kees-neggers-global-networking-requires-global-collaboration/	https://www.internethalloffame.org/2016/09/09/kees-neggers-global-networking-requires-global-collaboration/
200	0	https://www.internethalloffame.org/2019/12/09/arpanet-envy-fueled-bitnet-creation/	https://www.internethalloffame.org/2019/12/09/arpanet-envy-fueled-bitnet-creation/
200	0	https://www.cisoadvisor.com.br/h2hc-reune-top-hackers-do-brasil-e-do-mundo/	https://www.cisoadvisor.com.br/h2hc-reune-top-hackers-do-brasil-e-do-mundo/
200	0	https://www.internethalloffame.org/2012/05/14/unrepentant-hippie-and-world-networker-randy-bush-enters-nets-hall-fame/	https://www.internethalloffame.org/2012/05/14/unrepentant-hippie-and-world-networker-randy-bush-enters-nets-hall-fame/
200	0	https://www.internethalloffame.org/2018/10/09/building-first-global-classroom/	https://www.internethalloffame.org/2018/10/09/building-first-global-classroom/
403	0	https://www.intel.com/content/www/us/en/architecture-and-technology/intel-quick-assist-technology-overview.html	https://www.intel.com/content/www/us/en/architecture-and-technology/intel-quick-assist-technology-overview.html
200	0	https://www.internethalloffame.org/inductee/adiel-akplogan/	https://www.internethalloffame.org/inductee/adiel-akplogan/
200	0	https://www.internethalloffame.org/inductee/carlos-afonso/	https://www.internethalloffame.org/inductee/carlos-afonso/
200	0	https://www.internethalloffame.org/inductee/dan-kaminsky/	https://www.internethalloffame.org/inductee/dan-kaminsky/
200	0	https://www.internethalloffame.org/inductee/danny-cohen/	https://www.internethalloffame.org/inductee/danny-cohen/
200	0	https://www.internethalloffame.org/2020/10/08/how-africas-regional-internet-network-started-one-driven-intern-quest-lan/	https://www.internethalloffame.org/2020/10/08/how-africas-regional-internet-network-started-one-driven-intern-quest-lan/
200	0	https://www.internethalloffame.org/2018/08/16/how-ham-radio-inspired-internet/	https://www.internethalloffame.org/2018/08/16/how-ham-radio-inspired-internet/
200	2	https://www.ieee802.org/1/	https://1.ieee802.org/
200	0	https://www.internethalloffame.org/inductee/jaap-akkerhuis/	https://www.internethalloffame.org/inductee/jaap-akkerhuis/
200	0	https://www.internethalloffame.org/inductee/jon-postel/	https://www.internethalloffame.org/inductee/jon-postel/
200	0	https://www.internethalloffame.org/inductee/demi-getschko/	https://www.internethalloffame.org/inductee/demi-getschko/
200	0	https://www.ilsecondomestiere.org/marisa-bellisario-first-italian-female-top-manager-not-only-the-8th-of-march/	https://www.ilsecondomestiere.org/marisa-bellisario-first-italian-female-top-manager-not-only-the-8th-of-march/
200	0	https://www.internethalloffame.org/inductee/douglas-comer/	https://www.internethalloffame.org/inductee/douglas-comer/
200	0	https://www.informatik.kit.edu/english/7089_7098.php	https://www.informatik.kit.edu/english/7089_7098.php
200	0	https://www.internethalloffame.org/inductee/raymond-tomlinson/	https://www.internethalloffame.org/inductee/raymond-tomlinson/
200	0	https://www.internethalloffame.org/inductee/kanchana-kanchanasut/	https://www.internethalloffame.org/inductee/kanchana-kanchanasut/
200	0	https://www.internethalloffame.org/inductee/mike-jensen/	https://www.internethalloffame.org/inductee/mike-jensen/
200	0	https://www.internethalloffame.org/inductee/jun-murai/	https://www.internethalloffame.org/inductee/jun-murai/
200	0	https://www.internethalloffame.org/inductee/werner-zorn/	https://www.internethalloffame.org/inductee/werner-zorn/
200	0	https://www.internethalloffame.org/inductee/kees-neggers/	https://www.internethalloffame.org/inductee/kees-neggers/
200	0	https://www.internethalloffame.org/inductee/karen-banks/	https://www.internethalloffame.org/inductee/karen-banks/
200	0	https://www.internethalloffame.org/inductee/vint-cerf/	https://www.internethalloffame.org/inductee/vint-cerf/
200	0	https://www.internethalloffame.org/inductee/nii-quaynor/	https://www.internethalloffame.org/inductee/nii-quaynor/
200	0	https://www.internethalloffame.org/inductee/tarek-kamel/	https://www.internethalloffame.org/inductee/tarek-kamel/
200	0	https://www.internethalloffame.org/official-biography-elizabeth-feinler/	https://www.internethalloffame.org/official-biography-elizabeth-feinler/
200	0	https://www.internethalloffame.org/inductee/yvonne-marie-andres/	https://www.internethalloffame.org/inductee/yvonne-marie-andres/
200	0	https://www.internethalloffame.org/official-biography-craig-newmark/	https://www.internethalloffame.org/official-biography-craig-newmark/
200	0	https://www.internethalloffame.org/official-biography-randy-bush/	https://www.internethalloffame.org/official-biography-randy-bush/
403	0	https://www.iso.org/standard/20269.html	https://www.iso.org/standard/20269.html
403	0	https://www.iso.org/standard/30932.html	https://www.iso.org/standard/30932.html
200	0	https://www.ioccc.org/	https://www.ioccc.org/
200	0	https://www.internethalloffame.org/inductee/randy-bush/	https://www.internethalloffame.org/inductee/randy-bush/
403	0	https://www.iso.org/standard/43757.html	https://www.iso.org/standard/43757.html
403	0	https://www.iso.org/standard/75839.html	https://www.iso.org/standard/75839.html
403	0	https://www.iso.org/standard/62021.html	https://www.iso.org/standard/62021.html
403	0	https://www.iso.org/standard/68669.html	https://www.iso.org/standard/68669.html
200	0	https://www.isc2.org/certifications/cissp	https://www.isc2.org/certifications/cissp
200	0	https://www.isc2.org	https://www.isc2.org/
403	0	https://www.iso.org/standard/76559.html	https://www.iso.org/standard/76559.html
200	0	https://www.iscpc.org/	https://www.iscpc.org/
403	0	https://www.iso.org/standard/76583.html	https://www.iso.org/standard/76583.html
200	0	https://www.isc.org/bind/	https://www.isc.org/bind/
200	0	https://www.linkedin.com/showcase/roadsec/	https://www.linkedin.com/showcase/roadsec/
200	0	https://www.manrs.org/	https://www.manrs.org/
200	1	https://www.linkedin.com/groups/9381855/	https://www.linkedin.com/uas/login?session_redirect=https%3A%2F%2Fwww.linkedin.com%2Fgroups%2F9381855%2F
200	0	https://www.itu.int/rec/T-REC-X.690/	https://www.itu.int/rec/T-REC-X.690/
200	0	https://www.lacnic.net	https://www.lacnic.net/
200	0	https://www.itu.int/rec/T-REC-G.707	https://www.itu.int/rec/T-REC-G.707
200	0	https://www.itu.int/rec/T-REC-G.694.1	https://www.itu.int/rec/T-REC-G.694.1
200	0	https://www.livinginternet.com/i/iw_packet_inv.htm	https://www.livinginternet.com/i/iw_packet_inv.htm
200	0	https://www.lk.cs.ucla.edu/bibliography-public_reports.html	https://www.lk.cs.ucla.edu/bibliography-public_reports.html
403	0	https://www.nanog.org	https://www.nanog.org/
200	0	https://www.mwcbarcelona.com	https://www.mwcbarcelona.com/
200	0	https://www.mindthesec.com.br	https://www.mindthesec.com.br/
403	0	https://www.mentebinaria.com.br	https://www.mentebinaria.com.br/
403	0	https://www.mitre.org	https://www.mitre.org/
200	0	https://www.nist.gov	https://www.nist.gov/
200	0	https://www.ncsc.gov.uk/cyberessentials/overview	https://www.ncsc.gov.uk/cyberessentials/overview
200	0	https://www.newsweek.com/april-fools-day-april-fools-kremvax-kremlin-soviet-union-usenet-piet-beertema-318451	https://www.newsweek.com/april-fools-day-april-fools-kremvax-kremlin-soviet-union-usenet-piet-beertema-318451
200	0	https://www.nullbyte-con.org/	https://www.nullbyte-con.org/
200	0	https://www.nokia.com/bell-labs/about/dennis-m-ritchie/chist.html	https://www.nokia.com/bell-labs/about/dennis-m-ritchie/chist.html
200	0	https://www.internethalloffame.org/inductee/craig-newmark/	https://www.internethalloffame.org/inductee/craig-newmark/
200	0	https://www.newsroom.hlf-foundation.org/blog/article/the-internet-chronicles-part-2-of-12-packet-switching-and-the-first-message/	https://www.newsroom.hlf-foundation.org/blog/article/the-internet-chronicles-part-2-of-12-packet-switching-and-the-first-message/
200	1	https://www.paloaltonetworks.com/prisma	https://www.paloaltonetworks.com/prisma/cloud
200	0	https://www.paloaltonetworks.com/network-security	https://www.paloaltonetworks.com/network-security
200	0	https://www.nic.br/pagina/gts/157/	https://www.nic.br/pagina/gts/157/
200	0	https://www.paloaltonetworks.com/cortex	https://www.paloaltonetworks.com/cortex
200	0	https://www.nokia.com/blog/plan-9-from-bell-labs-in-cyberspace/	https://www.nokia.com/blog/plan-9-from-bell-labs-in-cyberspace/
200	0	https://www.planalto.gov.br/ccivil_03/_ato2011-2014/2012/lei/l12737.htm	https://www.planalto.gov.br/ccivil_03/_ato2011-2014/2012/lei/l12737.htm
200	0	https://www.ralphmerkle.com/1974/	https://www.ralphmerkle.com/1974/
200	0	https://www.openwall.com/john/	https://www.openwall.com/john/
200	0	https://www.reddit.com	https://www.reddit.com/
200	0	https://www.rand.org/pubs/research_memoranda/RM3420.html	https://www.rand.org/pubs/research_memoranda/RM3420.html
200	0	https://www.pcisecuritystandards.org	https://www.pcisecuritystandards.org/
200	0	https://www.reaganlibrary.gov/archives/speech/statement-trade-sanctions-against-brazil	https://www.reaganlibrary.gov/archives/speech/statement-trade-sanctions-against-brazil
200	0	https://www.reddit.com/r/networking/	https://www.reddit.com/r/networking/
200	1	https://www.planalto.gov.br/ccivil_03/Leis/L7232.htm	https://www.planalto.gov.br/ccivil_03/leis/l7232.htm
200	0	https://www.rfc-editor.org	https://www.rfc-editor.org/
403	0	https://www.researchgate.net/publication/238778689_An_Algorithm_for_Distributed_computation_of_a_Spanning_Tree_in_an_Extended_LAN	https://www.researchgate.net/publication/238778689_An_Algorithm_for_Distributed_computation_of_a_Spanning_Tree_in_an_Extended_LAN
200	1	https://www.rfc-editor.org/rfc/rfc1034	https://www.rfc-editor.org/info/rfc1034/
200	0	https://www.nationalacademies.org/read/13338/chapter/4	https://www.nationalacademies.org/read/13338/chapter/4
200	0	https://www.planalto.gov.br/ccivil_03/_ato2011-2014/2014/lei/l12965.htm	https://www.planalto.gov.br/ccivil_03/_ato2011-2014/2014/lei/l12965.htm
200	0	https://www.rfc-editor.org/info/rfc7637/	https://www.rfc-editor.org/info/rfc7637/
200	1	https://www.rfc-editor.org/rfc/rfc1350	https://www.rfc-editor.org/info/rfc1350/
200	1	https://www.rfc-editor.org/rfc/rfc1122	https://www.rfc-editor.org/info/rfc1122/
200	1	https://www.rfc-editor.org/rfc/rfc1149	https://www.rfc-editor.org/info/rfc1149/
200	1	https://www.rfc-editor.org/rfc/rfc1191	https://www.rfc-editor.org/info/rfc1191/
200	0	https://www.planalto.gov.br/ccivil_03/leis/l8248.htm	https://www.planalto.gov.br/ccivil_03/leis/l8248.htm
200	1	https://www.rfc-editor.org/rfc/rfc1436	https://www.rfc-editor.org/info/rfc1436/
200	1	https://www.rfc-editor.org/rfc/rfc1930	https://www.rfc-editor.org/info/rfc1930/
200	1	https://www.rfc-editor.org/rfc/rfc2045	https://www.rfc-editor.org/info/rfc2045/
200	1	https://www.rfc-editor.org/rfc/rfc1939	https://www.rfc-editor.org/info/rfc1939/
200	1	https://www.rfc-editor.org/rfc/rfc2453	https://www.rfc-editor.org/info/rfc2453/
200	1	https://www.rfc-editor.org/rfc/rfc1812	https://www.rfc-editor.org/info/rfc1812/
000	0	https://en-academic.com/dic.nsf/enwiki/4529204	https://en-academic.com/dic.nsf/enwiki/4529204000 0 -
200	1	https://www.rfc-editor.org/rfc/rfc2549	https://www.rfc-editor.org/info/rfc2549/
200	1	https://www.rfc-editor.org/rfc/rfc1075	https://www.rfc-editor.org/info/rfc1075/
200	1	https://www.rfc-editor.org/rfc/rfc2289	https://www.rfc-editor.org/info/rfc2289/
200	1	https://www.rfc-editor.org/rfc/rfc2229	https://www.rfc-editor.org/info/rfc2229/
200	0	https://www.rfc-editor.org/rfc/rfc2827.html	https://www.rfc-editor.org/rfc/rfc2827.html
200	1	https://www.rfc-editor.org/rfc/rfc2324	https://www.rfc-editor.org/info/rfc2324/
200	1	https://www.rfc-editor.org/rfc/rfc2615	https://www.rfc-editor.org/info/rfc2615/
200	1	https://www.rfc-editor.org/rfc/rfc2663	https://www.rfc-editor.org/info/rfc2663/
200	1	https://www.rfc-editor.org/rfc/rfc2631	https://www.rfc-editor.org/info/rfc2631/
200	1	https://www.rfc-editor.org/rfc/rfc3376	https://www.rfc-editor.org/info/rfc3376/
200	1	https://www.rfc-editor.org/rfc/rfc3092	https://www.rfc-editor.org/info/rfc3092/
200	1	https://www.rfc-editor.org/rfc/rfc3164	https://www.rfc-editor.org/info/rfc3164/
200	1	https://www.rfc-editor.org/rfc/rfc2661	https://www.rfc-editor.org/info/rfc2661/
200	1	https://www.rfc-editor.org/rfc/rfc3514	https://www.rfc-editor.org/info/rfc3514/
200	1	https://www.rfc-editor.org/rfc/rfc4251	https://www.rfc-editor.org/info/rfc4251/
200	1	https://www.rfc-editor.org/rfc/rfc3596	https://www.rfc-editor.org/info/rfc3596/
200	1	https://www.rfc-editor.org/rfc/rfc4271	https://www.rfc-editor.org/info/rfc4271/
200	1	https://www.rfc-editor.org/rfc/rfc4084	https://www.rfc-editor.org/info/rfc4084/
200	1	https://www.rfc-editor.org/rfc/rfc3507	https://www.rfc-editor.org/info/rfc3507/
200	1	https://www.rfc-editor.org/rfc/rfc4303	https://www.rfc-editor.org/info/rfc4303/
200	1	https://www.rfc-editor.org/rfc/rfc4033	https://www.rfc-editor.org/info/rfc4033/
200	1	https://www.rfc-editor.org/rfc/rfc3706	https://www.rfc-editor.org/info/rfc3706/
200	1	https://www.rfc-editor.org/rfc/rfc4217	https://www.rfc-editor.org/info/rfc4217/
200	0	https://www.rfc-editor.org/rfc/rfc4732.html	https://www.rfc-editor.org/rfc/rfc4732.html
200	1	https://www.rfc-editor.org/rfc/rfc4862	https://www.rfc-editor.org/info/rfc4862/
200	1	https://www.rfc-editor.org/rfc/rfc4949	https://www.rfc-editor.org/info/rfc4949/
200	0	https://www.rfc-editor.org/rfc/rfc5416.html	https://www.rfc-editor.org/rfc/rfc5416.html
200	1	https://www.rfc-editor.org/rfc/rfc5424	https://www.rfc-editor.org/info/rfc5424/
200	1	https://www.rfc-editor.org/rfc/rfc5155	https://www.rfc-editor.org/info/rfc5155/
200	1	https://www.rfc-editor.org/rfc/rfc5321	https://www.rfc-editor.org/info/rfc5321/
200	1	https://www.rfc-editor.org/rfc/rfc5798	https://www.rfc-editor.org/info/rfc5798/
200	1	https://www.rfc-editor.org/rfc/rfc4513	https://www.rfc-editor.org/info/rfc4513/
200	1	https://www.rfc-editor.org/rfc/rfc5116	https://www.rfc-editor.org/info/rfc5116/
200	1	https://www.rfc-editor.org/rfc/rfc5880	https://www.rfc-editor.org/info/rfc5880/
200	1	https://www.rfc-editor.org/rfc/rfc5905	https://www.rfc-editor.org/info/rfc5905/
200	0	https://www.rfc-editor.org/rfc/rfc6302.html	https://www.rfc-editor.org/rfc/rfc6302.html
200	0	https://www.rfc-editor.org/rfc/rfc6598.html	https://www.rfc-editor.org/rfc/rfc6598.html
200	0	https://www.rfc-editor.org/rfc/rfc6888.html	https://www.rfc-editor.org/rfc/rfc6888.html
200	1	https://www.rfc-editor.org/rfc/rfc3261	https://www.rfc-editor.org/info/rfc3261/
200	1	https://www.rfc-editor.org/rfc/rfc6214	https://www.rfc-editor.org/info/rfc6214/
200	0	https://www.rfc-editor.org/rfc/rfc7348.html	https://www.rfc-editor.org/rfc/rfc7348.html
200	0	https://www.rfc-editor.org/rfc/rfc7231.html	https://www.rfc-editor.org/rfc/rfc7231.html
200	1	https://www.rfc-editor.org/rfc/rfc6480	https://www.rfc-editor.org/info/rfc6480/
200	1	https://www.rfc-editor.org/rfc/rfc6455	https://www.rfc-editor.org/info/rfc6455/
200	1	https://www.rfc-editor.org/rfc/rfc7296	https://www.rfc-editor.org/info/rfc7296/
200	0	https://www.rfc-editor.org/rfc/rfc7489.html	https://www.rfc-editor.org/rfc/rfc7489.html
200	1	https://www.rfc-editor.org/rfc/rfc7301	https://www.rfc-editor.org/info/rfc7301/
200	0	https://www.rfc-editor.org/rfc/rfc760.txt	https://www.rfc-editor.org/rfc/rfc760.txt
200	1	https://www.rfc-editor.org/rfc/rfc7761	https://www.rfc-editor.org/info/rfc7761/
200	1	https://www.rfc-editor.org/rfc/rfc6376	https://www.rfc-editor.org/info/rfc6376/
200	1	https://www.rfc-editor.org/rfc/rfc7517	https://www.rfc-editor.org/info/rfc7517/
200	1	https://www.rfc-editor.org/rfc/rfc7868	https://www.rfc-editor.org/info/rfc7868/
200	1	https://www.rfc-editor.org/rfc/rfc7208	https://www.rfc-editor.org/info/rfc7208/
200	1	https://www.rfc-editor.org/rfc/rfc7468	https://www.rfc-editor.org/info/rfc7468/
200	0	https://www.rfc-editor.org/rfc/rfc801.html	https://www.rfc-editor.org/rfc/rfc801.html
200	1	https://www.rfc-editor.org/rfc/rfc7469	https://www.rfc-editor.org/info/rfc7469/
200	1	https://www.rfc-editor.org/rfc/rfc8314	https://www.rfc-editor.org/info/rfc8314/
200	1	https://www.rfc-editor.org/rfc/rfc826	https://www.rfc-editor.org/info/rfc826/
200	0	https://www.rfc-editor.org/rfc/rfc8461.html	https://www.rfc-editor.org/rfc/rfc8461.html
200	1	https://www.rfc-editor.org/rfc/rfc792	https://www.rfc-editor.org/info/rfc792/
200	0	https://www.rfc-editor.org/rfc/rfc8617.html	https://www.rfc-editor.org/rfc/rfc8617.html
200	1	https://www.rfc-editor.org/rfc/rfc854	https://www.rfc-editor.org/info/rfc854/
200	1	https://www.rfc-editor.org/rfc/rfc8484	https://www.rfc-editor.org/info/rfc8484/
200	1	https://www.rfc-editor.org/rfc/rfc8017	https://www.rfc-editor.org/info/rfc8017/
200	1	https://www.rfc-editor.org/rfc/rfc8422	https://www.rfc-editor.org/info/rfc8422/
200	1	https://www.rfc-editor.org/rfc/rfc8439	https://www.rfc-editor.org/info/rfc8439/
200	1	https://www.rfc-editor.org/rfc/rfc8659	https://www.rfc-editor.org/info/rfc8659/
403	0	https://www.rsaconference.com	https://www.rsaconference.com/
200	1	https://www.rfc-editor.org/rfc/rfc959	https://www.rfc-editor.org/info/rfc959/
200	1	https://www.rfc-editor.org/rfc/rfc8945	https://www.rfc-editor.org/info/rfc8945/
403	0	https://www.sec.gov/Archives/edgar/data/1327567/000132756719000006/ex991q219earningsrelease.htm	https://www.sec.gov/Archives/edgar/data/1327567/000132756719000006/ex991q219earningsrelease.htm
200	0	https://www.schneier.com/blog/archives/2011/04/schneiers_law.html	https://www.schneier.com/blog/archives/2011/04/schneiers_law.html
200	0	https://www.sans.org	https://www.sans.org/
403	0	https://www.sec.gov/Archives/edgar/data/1327567/000132756719000014/ex991q319earningsrelease.htm	https://www.sec.gov/Archives/edgar/data/1327567/000132756719000014/ex991q319earningsrelease.htm
200	1	https://www.rfc-editor.org/rfc/rfc7826	https://www.rfc-editor.org/info/rfc7826/
200	0	https://www.snopes.com/fact-check/internet-of-lies/	https://www.snopes.com/fact-check/internet-of-lies/
200	1	https://www.securitybsides.com	https://bsides.org/
200	1	https://www.rfc-editor.org/rfc/rfc9051	https://www.rfc-editor.org/info/rfc9051/
200	0	https://www.submarinecablemap.com/	https://www.submarinecablemap.com/
200	0	https://www.swarthmore.edu/bulletin/archive/fall-2015-issue-i-cxiii/pioneers-internet.html	https://www.swarthmore.edu/bulletin/archive/fall-2015-issue-i-cxiii/pioneers-internet.html
403	0	https://www.w3.org/TR/soap12/	https://www.w3.org/TR/soap12/
200	0	https://www.secg.org/sec1-v2.pdf	https://www.secg.org/sec1-v2.pdf
403	0	https://www.w3.org/TR/webauthn-2/	https://www.w3.org/TR/webauthn-2/
500	0	https://www.shmoocon.org/about_shmoocon/	https://www.shmoocon.org/about_shmoocon/
200	0	https://www.tnmoc.org/npl-gallery	https://www.tnmoc.org/npl-gallery
403	0	https://www.w3.org/TR/xml/#sec-cdata-sect	https://www.w3.org/TR/xml/#sec-cdata-sect
200	0	https://www.storiaolivetti.it/articolo/48-marisa-bellisario-donna-e-top-manager/	https://www.storiaolivetti.it/articolo/48-marisa-bellisario-donna-e-top-manager/
200	0	https://www.wi-fi.org	https://www.wi-fi.org/
429	0	https://www.wiley.com/en-us/The+Art+of+Deception%3A+Controlling+the+Human+Element+of+Security-p-9780764542800	https://www.wiley.com/en-us/The+Art+of+Deception%3A+Controlling+the+Human+Element+of+Security-p-9780764542800
200	1	https://www.wi-fi.org/discover-wi-fi/wi-fi-certified-6	https://www.wi-fi.org/wi-fi-macphy
200	0	https://www.worldhistory.org/Electrical_Telegraph/	https://www.worldhistory.org/Electrical_Telegraph/
200	0	https://www.sbseg2026.uff.br	https://www.sbseg2026.uff.br/
200	1	https://www.wi-fi.org/discover-wi-fi/security	https://www.wi-fi.org/security
200	0	https://www.yorku.ca/pclassic/Lovelace/lovelace.htm	https://www.yorku.ca/pclassic/Lovelace/lovelace.htm
200	0	https://xkcd.com/356/	https://xkcd.com/356/
000	0	https://www.fondazionebellisario.org/online/en/marisa-bellisario/	https://www.fondazionebellisario.org/online/en/marisa-bellisario/000 0 -
000	0	https://www.gnu.org/licenses/	https://www.gnu.org/licenses/000 0 -
200	1	https://www.schneier.com/academic/archives/1999/09/cryptanalysis_of_mic.html	https://www.schneier.com/academic/archives/1999/09/cryptanalysis_of_mic_1.html
200	0	https://www.ysts.org/info	https://www.ysts.org/info
200	0	https://www.ripe.net/about-us/press-centre/publications/speakers/daniel-karrenberg/	https://www.ripe.net/about-us/press-centre/publications/speakers/daniel-karrenberg/
200	0	https://x.com/sampasec	https://x.com/sampasec
200	0	https://www.treccani.it/enciclopedia/marisa-bellisario_(Dizionario-Biografico)/	https://www.treccani.it/enciclopedia/marisa-bellisario_(Dizionario-Biografico)/
200	0	https://www.sidn.nl/en/news-and-blogs/dutch-internet-pioneer-jaap-akkerhuis-knighted	https://www.sidn.nl/en/news-and-blogs/dutch-internet-pioneer-jaap-akkerhuis-knighted
000	0	https://web.archive.org/web/20100207131818/http://newsroom.cisco.com/dlls/1994/corp_102494.html	https://web.archive.org/web/20100207131818/http://newsroom.cisco.com/dlls/1994/corp_102494.html000 0 -
504	0	https://www.internetsociety.org/blog/2019/10/tarek-kamel-a-loss-to-the-internet-community/	https://www.internetsociety.org/blog/2019/10/tarek-kamel-a-loss-to-the-internet-community/
504	0	https://www.internetsociety.org/internet/history-internet/brief-history-internet/	https://www.internetsociety.org/internet/history-internet/brief-history-internet/
