barnaby-jack	2010	security	STATES	https://en.wikipedia.org/wiki/Barnaby_Jack
jeff-moss	1993	hacker-culture	STATES	https://en.wikipedia.org/wiki/Jeff_Moss_(hacker)
mudge	1998	security	STATES	https://en.wikipedia.org/wiki/Peiter_Zatko
phiber-optik	1990	hacker-culture	STATES	https://en.wikipedia.org/wiki/Mark_Abene
the-mentor	1986	hacker-culture	STATES	https://en.wikipedia.org/wiki/Loyd_Blankenship
cliff-stoll	1986	security	STATES	https://en.wikipedia.org/wiki/Clifford_Stoll
tsutomu-shimomura	1995	security	STATES	https://en.wikipedia.org/wiki/Tsutomu_Shimomura
albert-gonzalez	2005	security	STATES	https://en.wikipedia.org/wiki/Albert_Gonzalez
gary-mckinnon	2002	hacker-culture	STATES	https://en.wikipedia.org/wiki/Gary_McKinnon
dvd-jon	1999	hacker-culture	SILENT-PAGE	https://en.wikipedia.org/wiki/Jon_Lech_Johansen
george-hotz	2007	hacker-culture	STATES	https://en.wikipedia.org/wiki/George_Hotz
hd-moore	2003	security	STATES	https://en.wikipedia.org/wiki/HD_Moore
marcus-hutchins	2017	security	STATES	https://en.wikipedia.org/wiki/Marcus_Hutchins
wau-holland	1981	hacker-culture	STATES	https://en.wikipedia.org/wiki/Wau_Holland
aleph-one	1996	hacker-culture	SILENT-PAGE	https://phrack.org/issues/49/14.html
richard-stallman	1983	hacker-culture	STATES	https://en.wikipedia.org/wiki/Richard_Stallman
linus-torvalds	1991	computing	STATES	https://en.wikipedia.org/wiki/Linus_Torvalds
space-rogue	1998	security	SILENT-PAGE	https://en.wikipedia.org/wiki/Space_Rogue
solar-designer	1996	security	SILENT-PAGE	https://www.openwall.com/john/
fyodor	1997	security	SILENT-PAGE	https://nmap.org/
susan-headley	1980	hacker-culture	STATES	https://en.wikipedia.org/wiki/Susan_Headley
emmanuel-goldstein	1984	hacker-culture	STATES	https://en.wikipedia.org/wiki/Eric_Corley
julian-assange	2010	hacker-culture	STATES	https://en.wikipedia.org/wiki/Julian_Assange
bruce-schneier	1994	crypto	STATES	https://en.wikipedia.org/wiki/Bruce_Schneier
john-markoff	1991	hacker-culture	STATES	https://en.wikipedia.org/wiki/John_Markoff
phil-zimmermann	1991	crypto	STATES	https://en.wikipedia.org/wiki/Phil_Zimmermann
edward-snowden	2013	security	STATES	https://en.wikipedia.org/wiki/Edward_Snowden
leonardo-pigner	2001	brazil	STATES	https://en.wikipedia.org/wiki/Ekoparty
federico-kirschbaum	2001	brazil	STATES	https://en.wikipedia.org/wiki/Ekoparty
sandro-suffert	2010	brazil	STATES	http://sseguranca.blogspot.com/
rodrigo-montoro	2010	brazil	STATES	https://anchisesbr.blogspot.com/2010/01/seguranca-72-perfis-de-profissionais-de.html
ray-tomlinson	1971	internet	STATES	https://www.prolateral.com/help/kb/smtp/420-when-was-the-first-smtp-email.html
kevin-mitnick	1995	hacker-culture	NO-HREF	
kevin-poulsen	1990	hacker-culture	STATES	https://en.wikipedia.org/wiki/Kevin_Poulsen
adrian-lamo	2002	hacker-culture	STATES	https://en.wikipedia.org/wiki/Adrian_Lamo
michal-zalewski	2013	security	SILENT-PAGE	https://en.wikipedia.org/wiki/Micha%C5%82_Zalewski
jude-milhon	1992	hacker-culture	SILENT-PAGE	https://en.wikipedia.org/wiki/Jude_Milhon
max-butler	2007	security	STATES	https://en.wikipedia.org/wiki/Max_Butler
aaron-swartz	2001	hacker-culture	STATES	https://en.wikipedia.org/wiki/Aaron_Swartz
tadao-takahashi	1989	brazil	STATES	https://en.wikipedia.org/wiki/Tadao_Takahashi
liane-tarouco	1988	brazil	SILENT-PAGE	https://www.baguete.com.br/noticias/liane-tarouco-entra-no-hall-da-fama-da-internet
cristine-hoepers	1997	brazil	SILENT-PAGE	https://www.cert.br/sobre/reconhecimento/
rodrigo-rubira-branco	2007	brazil	SILENT-PAGE	https://www.escavador.com/sobre/1490298/rodrigo-rubira-branco
francisco-amato	2001	brazil	STATES	https://en.wikipedia.org/wiki/Ekoparty
filipe-balestra	2008	brazil	SILENT-PAGE	https://www.cisoadvisor.com.br/h2hc-reune-top-hackers-do-brasil-e-do-mundo/
jaime-andres-restrepo	2009	brazil	SILENT-PAGE	https://ekoparty.org/premio-a-la-trayectoria/
willian-caprino	2007	brazil	SILENT-PAGE	https://seginfo.com.br/2016/02/22/seginfocast-29-ysts-you-sh0t-the-sheriff-10a-edicao/
anchises-moraes	2011	brazil	SILENT-PAGE	https://www.ysts.org/info
fabio-assolini	2011	brazil	STATES	https://securelist.com/the-tetrade-brazilian-banking-malware/97779/
paul-vixie	1988	internet	STATES	https://en.wikipedia.org/wiki/Paul_Vixie
grace-hopper	1952	computing	STATES	https://ieeemilestones.ethw.org/Milestone-Proposal:Grace_Hopper's_Compiler_and_Programming_Language_Work,_1952-1959
james-prescott-joule	1841	electricity	STATES	https://electricityforum.com/a-timeline-of-history-of-electricity
william-crookes	1875	electricity	STATES	https://en.wikipedia.org/wiki/Crookes_tube
howard-frank	1969	internet	STATES	https://en.wikipedia.org/wiki/Howard_Frank_(network_engineer)
nii-quaynor	1993	internet	SILENT-PAGE	https://www.internethalloffame.org/inductee/nii-quaynor/
glenn-ricart	1989	internet	STATES	https://www.elon.edu/u/imagining/event-coverage/isoc-events/hof-ietf-2013/
nelson-murilo	1997	brazil	STATES	https://creators.spotify.com/pod/profile/ists
barbara-liskov	1988	computing	STATES	https://mathshistory.st-andrews.ac.uk/Honours/Turing_Award/
margaret-hamilton	1969	computing	STATES	https://en.wikipedia.org/wiki/Margaret_Hamilton_(software_engineer)
wietse-venema	1995	security	STATES	http://ftp.porcupine.org/pub/security/index.html
katie-moussouris	2013	security	STATES	https://en.wikipedia.org/wiki/Katie_Moussouris
daniel-j-bernstein	1996	crypto	SILENT-PAGE	http://cr.yp.to/qmail/venema.html
steven-bellovin	1989	security	SILENT-PAGE	https://en.wikipedia.org/wiki/Firewalls_and_Internet_Security
